{
	"n_targets": 26581,
	"n_bootstraps": 0,
	"n_processed": 87027784,
	"n_pseudoaligned": 4792534,
	"n_unique": 4423277,
	"p_pseudoaligned": 5.5,
	"p_unique": 5.1,
	"kallisto_version": "0.46.1",
	"index_version": 10,
	"start_time": "Tue Apr 23 14:04:35 2024",
	"call": "/home/shared/kallisto/kallisto quant -i ../data/Phel_transcriptome.index -o ../output/kallisto_01/3291_5903_10011_H94MGADXX_HK_CF35_ACAGTG -t 20 --fr-stranded --rf-stranded ../data/3291_5903_10011_H94MGADXX_HK_CF35_ACAGTG_R1.fastq.gz ../data/3291_5903_10011_H94MGADXX_HK_CF35_ACAGTG_R2.fastq.gz"
}
