{
	"n_targets": 26581,
	"n_bootstraps": 0,
	"n_processed": 11952919,
	"n_pseudoaligned": 494093,
	"n_unique": 469898,
	"p_pseudoaligned": 4.1,
	"p_unique": 3.9,
	"kallisto_version": "0.46.1",
	"index_version": 10,
	"start_time": "Tue Apr 23 14:10:41 2024",
	"call": "/home/shared/kallisto/kallisto quant -i ../data/Phel_transcriptome.index -o ../output/kallisto_01/3291_5903_10012_H94MGADXX_HK_CF70_GCCAAT -t 20 --fr-stranded --rf-stranded ../data/3291_5903_10012_H94MGADXX_HK_CF70_GCCAAT_R1.fastq.gz ../data/3291_5903_10012_H94MGADXX_HK_CF70_GCCAAT_R2.fastq.gz"
}
