{
	"n_targets": 26581,
	"n_bootstraps": 0,
	"n_processed": 7948472,
	"n_pseudoaligned": 423260,
	"n_unique": 391706,
	"p_pseudoaligned": 5.3,
	"p_unique": 4.9,
	"kallisto_version": "0.46.1",
	"index_version": 10,
	"start_time": "Tue Apr 23 14:00:03 2024",
	"call": "/home/shared/kallisto/kallisto quant -i ../data/Phel_transcriptome.index -o ../output/kallisto_01/3291_5903_10007_H94MGADXX_V_CF71_ATCACG -t 20 --fr-stranded --rf-stranded ../data/3291_5903_10007_H94MGADXX_V_CF71_ATCACG_R1.fastq.gz ../data/3291_5903_10007_H94MGADXX_V_CF71_ATCACG_R2.fastq.gz"
}
