{
	"n_targets": 26581,
	"n_bootstraps": 0,
	"n_processed": 23172864,
	"n_pseudoaligned": 871097,
	"n_unique": 823088,
	"p_pseudoaligned": 3.8,
	"p_unique": 3.6,
	"kallisto_version": "0.46.1",
	"index_version": 10,
	"start_time": "Tue Apr 23 14:02:52 2024",
	"call": "/home/shared/kallisto/kallisto quant -i ../data/Phel_transcriptome.index -o ../output/kallisto_01/3291_5903_10010_H94MGADXX_HK_CF2_TGACCA -t 20 --fr-stranded --rf-stranded ../data/3291_5903_10010_H94MGADXX_HK_CF2_TGACCA_R1.fastq.gz ../data/3291_5903_10010_H94MGADXX_HK_CF2_TGACCA_R2.fastq.gz"
}
