{
	"n_targets": 26581,
	"n_bootstraps": 0,
	"n_processed": 19319381,
	"n_pseudoaligned": 338353,
	"n_unique": 315282,
	"p_pseudoaligned": 1.8,
	"p_unique": 1.6,
	"kallisto_version": "0.46.1",
	"index_version": 10,
	"start_time": "Tue Apr 23 14:01:27 2024",
	"call": "/home/shared/kallisto/kallisto quant -i ../data/Phel_transcriptome.index -o ../output/kallisto_01/3291_5903_10009_H94MGADXX_V_CF26_TTAGGC -t 20 --fr-stranded --rf-stranded ../data/3291_5903_10009_H94MGADXX_V_CF26_TTAGGC_R1.fastq.gz ../data/3291_5903_10009_H94MGADXX_V_CF26_TTAGGC_R2.fastq.gz"
}
