{
	"n_targets": 26581,
	"n_bootstraps": 0,
	"n_processed": 9752597,
	"n_pseudoaligned": 543996,
	"n_unique": 510026,
	"p_pseudoaligned": 5.6,
	"p_unique": 5.2,
	"kallisto_version": "0.46.1",
	"index_version": 10,
	"start_time": "Tue Apr 23 14:00:41 2024",
	"call": "/home/shared/kallisto/kallisto quant -i ../data/Phel_transcriptome.index -o ../output/kallisto_01/3291_5903_10008_H94MGADXX_V_CF34_CGATGT -t 20 --fr-stranded --rf-stranded ../data/3291_5903_10008_H94MGADXX_V_CF34_CGATGT_R1.fastq.gz ../data/3291_5903_10008_H94MGADXX_V_CF34_CGATGT_R2.fastq.gz"
}
